<?xml version="1.0" encoding="UTF-8"?>
<project-private xmlns="http://www.netbeans.org/ns/project-private/1">
    <editor-bookmarks xmlns="http://www.netbeans.org/ns/editor-bookmarks/2" lastBookmarkId="0"/>
    <open-files xmlns="http://www.netbeans.org/ns/projectui-open-files/2">
        <group>
            <file>file:/C:/Estructura%20de%20Datos%20Practicas/EstructuraDeDatos/EjerciciosArreglosBidimensionales/src/problemaDos/Principal.java</file>
            <file>file:/C:/Estructura%20de%20Datos%20Practicas/EstructuraDeDatos/EjerciciosArreglosBidimensionales/src/problemaDos/Metodos.java</file>
            <file>file:/C:/Estructura%20de%20Datos%20Practicas/EstructuraDeDatos/EjerciciosArreglosBidimensionales/src/problemaUno/Metodos.java</file>
            <file>file:/C:/Estructura%20de%20Datos%20Practicas/EstructuraDeDatos/EjerciciosArreglosBidimensionales/src/problemaUno/Principal.java</file>
            <file>file:/C:/Estructura%20de%20Datos%20Practicas/EstructuraDeDatos/EjerciciosArreglosBidimensionales/src/problemaTres/Metodos.java</file>
            <file>file:/C:/Estructura%20de%20Datos%20Practicas/EstructuraDeDatos/EjerciciosArreglosBidimensionales/src/problemaTres/Principal.java</file>
        </group>
    </open-files>
</project-private>
